{"cameraMode":{"drawMode":0,"name":"Shaded","section":"Shading Mode"},"sceneLighting":true,"audioPlay":false,"sceneViewState":{"showFog":false,"showMaterialUpdate":false,"showSkybox":false,"showFlares":false,"showImageEffects":false,"showParticleSystems":false},"in2DMode":false,"pivot":{"x":1.6509323120117188,"y":1.9844708442687989,"z":0.8977758884429932},"rotation":{"x":-0.05692634359002113,"y":-0.7805904746055603,"z":0.07186689227819443,"w":-0.618290364742279},"size":1.1514716148376465,"orthographic":false}