{"cameraMode":{"drawMode":0,"name":"Shaded","section":"Shading Mode"},"sceneLighting":true,"audioPlay":false,"sceneViewState":{"showFog":false,"showMaterialUpdate":false,"showSkybox":false,"showFlares":false,"showImageEffects":false,"showParticleSystems":false},"in2DMode":false,"pivot":{"x":-2.2029314041137697,"y":3.1314620971679689,"z":-3.4731805324554445},"rotation":{"x":-0.230241060256958,"y":-0.2668263912200928,"z":0.06580830365419388,"w":-0.9335266947746277},"size":5.32336950302124,"orthographic":false}